{"cameraMode":{"drawMode":0,"name":"Shaded","section":"Shading Mode"},"sceneLighting":false,"audioPlay":false,"sceneViewState":{"m_AlwaysRefresh":false,"showFog":true,"showSkybox":false,"showFlares":true,"showImageEffects":true,"showParticleSystems":true,"showVisualEffectGraphs":true,"m_FxEnabled":true},"in2DMode":false,"pivot":{"x":-0.22803418338298798,"y":1.3951061964035035,"z":-0.1759570986032486},"rotation":{"x":0.20906752347946168,"y":0.3558313250541687,"z":-0.08199338614940644,"w":0.907182514667511},"size":0.42680245637893679,"orthographic":false}