{"cameraMode":{"drawMode":0,"name":"Shaded","section":"Shading Mode"},"sceneLighting":false,"audioPlay":false,"sceneViewState":{"m_AlwaysRefresh":true,"showFog":true,"showSkybox":false,"showFlares":true,"showImageEffects":true,"showParticleSystems":true,"showVisualEffectGraphs":true,"m_FxEnabled":true},"in2DMode":false,"pivot":{"x":3.9832563400268556,"y":-1.6096293926239014,"z":2.9311633110046388},"rotation":{"x":0.16132567822933198,"y":0.4486067295074463,"z":-0.08295126259326935,"w":0.8752065300941467},"size":3.0523972511291506,"orthographic":false}