{"cameraMode":{"drawMode":0,"name":"Shaded","section":"Shading Mode"},"sceneLighting":false,"audioPlay":false,"sceneViewState":{"m_AlwaysRefresh":false,"showFog":true,"showSkybox":false,"showFlares":true,"showImageEffects":true,"showParticleSystems":true,"showVisualEffectGraphs":true,"m_FxEnabled":true},"in2DMode":false,"pivot":{"x":5.998929977416992,"y":1.4040000438690186,"z":4.978000164031982},"rotation":{"x":0.16299694776535035,"y":-0.6957903504371643,"z":0.16695712506771089,"w":0.6792894601821899},"size":0.24733667075634004,"orthographic":false}