{"cameraMode":{"drawMode":0,"name":"Shaded","section":"Shading Mode"},"sceneLighting":false,"audioPlay":false,"sceneViewState":{"m_AlwaysRefresh":true,"showFog":true,"showSkybox":false,"showFlares":true,"showImageEffects":true,"showParticleSystems":true,"showVisualEffectGraphs":true,"m_FxEnabled":true},"in2DMode":false,"pivot":{"x":5.988295555114746,"y":0.07790962606668472,"z":1.3428786993026734},"rotation":{"x":-0.002754841698333621,"y":0.7907224893569946,"z":0.003558448050171137,"w":0.6121601462364197},"size":0.5041348338127136,"orthographic":true}