{"cameraMode":{"drawMode":0,"name":"Shaded","section":"Shading Mode"},"sceneLighting":false,"audioPlay":false,"sceneViewState":{"m_AlwaysRefresh":true,"showFog":true,"showSkybox":false,"showFlares":true,"showImageEffects":true,"showParticleSystems":true,"showVisualEffectGraphs":true,"m_FxEnabled":true},"in2DMode":false,"pivot":{"x":3.538398265838623,"y":0.6039171814918518,"z":3.950735092163086},"rotation":{"x":-0.18134602904319764,"y":-0.46660101413726809,"z":0.09860052168369293,"w":-0.8601170778274536},"size":0.7685872912406921,"orthographic":false}