{"cameraMode":{"drawMode":0,"name":"Shaded","section":"Shading Mode"},"sceneLighting":false,"audioPlay":false,"sceneViewState":{"m_AlwaysRefresh":false,"showFog":true,"showSkybox":false,"showFlares":true,"showImageEffects":true,"showParticleSystems":true,"showVisualEffectGraphs":true,"m_FxEnabled":true},"in2DMode":false,"pivot":{"x":-0.5001213550567627,"y":0.41513562202453616,"z":-0.40440529584884646},"rotation":{"x":0.18640246987342835,"y":0.44503116607666018,"z":-0.09527284651994705,"w":0.8707064390182495},"size":0.5727227926254273,"orthographic":false}