{"cameraMode":{"drawMode":0,"name":"Shaded","section":"Shading Mode"},"sceneLighting":false,"audioPlay":false,"sceneViewState":{"m_AlwaysRefresh":true,"showFog":true,"showSkybox":true,"showFlares":true,"showImageEffects":true,"showParticleSystems":true,"showVisualEffectGraphs":true,"m_FxEnabled":true},"in2DMode":false,"pivot":{"x":19.27227783203125,"y":-11.458252906799317,"z":15.913189888000489},"rotation":{"x":-0.2545854449272156,"y":-0.42094478011131289,"z":0.12471292912960053,"w":-0.8617724180221558},"size":11.952914237976075,"orthographic":false}