{"cameraMode":{"drawMode":0,"name":"Shaded","section":"Shading Mode"},"sceneLighting":false,"audioPlay":false,"sceneViewState":{"m_AlwaysRefresh":false,"showFog":true,"showSkybox":false,"showFlares":true,"showImageEffects":true,"showParticleSystems":true,"showVisualEffectGraphs":true,"m_FxEnabled":true},"in2DMode":false,"pivot":{"x":2.6121318340301515,"y":0.28172075748443606,"z":1.9805881977081299},"rotation":{"x":-0.08416132628917694,"y":-0.5770348906517029,"z":0.05992792919278145,"w":-0.8101786971092224},"size":0.35122281312942507,"orthographic":false}